Quarter,double_pca_fci,0.05,0.1,0.15,0.2,0.25,0.3,0.35,0.4,0.45,0.5,0.55,0.6,0.65,0.7,0.75,0.8,0.85,0.9,0.95,ols,realized_ggdp_growth
1990-07-01,2.023102619253244,-6.786759942623149,-5.131541883100801,-3.0944564325306945,-1.494774473810203,-0.598503213147298,-0.24018392735300287,0.22889952075890196,0.6537745079029227,0.8830952149589777,1.3011531788476876,1.4591367491424116,2.4280779459617516,3.6523762377805165,4.158809327406052,4.2971181500225235,4.896215042768642,5.234479699730793,5.694472169324523,6.074516432161629,1.1509226961180237,-5.247462518161278
1990-10-01,2.202553370139689,-7.164619680498953,-5.459646616495361,-3.4095363404775894,-1.7403342300324478,-0.8176289757144919,-0.47161611272923176,-0.0010384848832614146,0.4302569896006925,0.6481820197566881,1.0795440211472118,1.229569757014748,2.2175752340988377,3.493020230679533,4.000587342039548,4.1229427742641915,4.652935854558211,4.952182848507821,5.359116727156359,5.703007055529993,0.8933269785832647,0.41624166545964936
1991-01-01,2.8617884823855464,-8.552735391808364,-6.664981003112842,-4.567022377486285,-2.642429165030375,-1.6226152795798527,-1.3218116229187995,-0.8457449361536749,-0.3908629864317743,-0.21480142189639295,0.26543465002605604,0.3862262709850355,1.4442668015762101,2.907605710487609,3.4193387946380756,3.4830874221895307,3.7592188756391876,3.9151295317435473,4.127145941478875,4.338220202344169,-0.0529835880999423,-4.56702612038224
1991-04-01,3.0615603811496386,-8.973384271398276,-7.030240581353305,-4.917782188532141,-2.9157963062557,-1.8665550203719015,-1.579451375772154,-1.101721307153821,-0.6396918089231884,-0.47631637693827766,0.018730292431310414,0.1306629273692419,1.2099265927104619,2.730204100515118,3.243199623936625,3.2891882862911834,3.4883905557881416,3.600865157226533,3.75381457835073,3.9246408040315357,-0.33974965261187773,-1.8665611547720655
1991-07-01,1.1499681051140331,-4.948247832680899,-3.5351174292376015,-1.5614054924745833,-0.2999803735786162,0.46767380360734534,0.8858711475712493,1.3476845235898611,1.741320025435562,2.0260874707430325,2.379413388302293,2.5761165508074715,3.452298698115176,4.427737885184981,4.928653285353843,5.144584830081165,6.0799128247451035,6.6080215925232615,7.326175628992559,7.88213026192313,2.4042788986583954,-4.9482528494845415
1991-10-01,2.230686465093604,-7.223858016546084,-5.511084693927866,-3.4589324724221693,-1.7788314550623514,-0.8519820550674608,-0.5078985111835106,-0.037086635778647015,0.39521539999910216,0.6113538917387924,1.0448016116256724,1.193579771150052,2.184574019271693,3.4680374559789375,3.97578235172257,4.095636717529195,4.614796161810053,4.907926226111893,5.306541931836616,5.644764286873866,0.8529428356062705,-1.778832807521782
1992-01-01,3.1374461243593674,-9.133172775464683,-7.1689887973472946,-5.051022494671251,-3.0196380818474706,-1.9592184462236686,-1.6773189149335819,-1.1989569908393127,-0.7342124108876358,-0.5756559579633711,-0.07498330615276139,0.033584137071765774,1.120909663784436,2.6628159788491064,3.176291054915068,3.2155333822411096,3.3855131818367212,3.4814880788080798,3.612000198401649,3.767537726915327,-0.448681169343943,3.7675379854233157
1992-04-01,0.9269193562561413,-4.4785861491234895,-3.1272988499533136,-1.1697761517743812,0.005238724835074704,0.7400367050814782,1.1735303473161456,1.633486528986972,2.0191416704209395,2.318073400148459,2.6548630318193664,2.861457404051082,3.713943557667351,4.6258098232029825,5.125315688288799,5.361076538546252,6.382297285581588,6.958903152844235,7.743006494446151,8.343898748470716,2.7244581245655457,-1.6030152348460942
1992-07-01,2.5748121348825492,-7.948464822259976,-6.140278278142925,-4.063148859501409,-2.249731772646774,-1.2721909393376953,-0.9517069400137173,-0.47802973471064814,-0.033415382069850175,0.16087006683463434,0.6198304178673486,0.7533481502895953,1.780901221279036,3.1624466885531755,3.6723662533188395,3.761627427807662,4.148269200094514,4.366576621685396,4.663443947663153,4.932335319958398,0.3589616268705833,-0.47803619924286433
1992-10-01,3.138008038671804,-9.134355968032878,-7.170016192021109,-5.052009104696353,-3.0204070033532213,-1.9599045949391343,-1.6780435987628728,-1.1996769959421352,-0.7349123115121468,-0.5763915418821473,-0.07567723112584668,0.032865293723926214,1.1202505164361067,2.662316987227614,3.1757956142569466,3.214987986715991,3.3847514014758247,3.4806041224006847,3.610950099576333,3.76637441923953,-0.4494877790671694,-0.07567744567848478
1993-01-01,0.1746956188869761,-2.894669320566268,-1.751945625832522,0.15097945807940155,1.0345789569628565,1.658570616240573,2.1436504642354786,2.5973433259797627,2.9560849941698533,3.3027852544009777,3.5838068674802748,3.8237589822938105,4.59633126494457,5.293800180677624,5.788552440313732,6.091186897312703,7.402077806286054,8.142238365572679,9.148753323638603,9.901196059165038,3.804250838817847,3.436584665350212
1993-04-01,-0.5183296248115056,-1.435403557499442,-0.48482993143636255,1.3677942605293925,1.9829121852041185,2.5048177578858066,3.037424081106692,3.485346533592642,3.8192927646979586,4.21000226825496,4.439644693527445,4.710329363741119,5.409276836179884,5.909221041891297,6.399593795256102,6.763839040783397,8.341603653146343,9.232447479481106,10.44387070757906,11.33593720683141,4.799066040416962,1.831669179499492
1993-07-01,-1.8258828925766275,1.3178406199463457,1.9058784618137572,3.663598324920276,3.7721633312368326,4.1014597640124055,4.723735833829311,5.160771067486391,5.447934940978244,5.921678115308218,6.054381755849878,6.383050537905958,6.9430876862885285,7.070355597158474,7.552465393598826,8.032953717718572,10.114237626269619,11.289380473481087,12.887410799240618,14.042909994743948,6.6760162373989305,4.723735801284184
1993-10-01,-1.97477667253992,1.6313581972780158,2.178113343738982,3.9250262557199966,3.975909039349979,4.283272673207833,4.9157596215014925,5.351555105157802,5.633391775366711,6.116590164570452,6.238255186312061,6.573526738444794,7.117745882517678,7.202576377177039,7.683745253717232,8.177470416283938,10.316091102725528,11.523607664187693,13.165661735327678,14.35115855377892,6.8897484168222265,5.4226469236167825
1994-01-01,-1.7608046031589155,1.1808087866477321,1.7868904124815812,3.5493337629845647,3.6831104361899545,4.021993226676775,4.639806339714136,5.077383441603558,5.36687572181005,5.836486223773097,5.974014608701116,6.299797461055411,6.866748321096924,7.012564719720847,7.495085772142452,7.969788557043306,10.026011785243838,11.18700477377046,12.765793261195125,13.908181136745874,6.582598469149533,5.07738286421523
1994-04-01,-2.4998029402924327,2.7368776054214408,3.138062537348575,4.846868194502651,4.694353078634969,4.924377715793459,5.592870059466604,6.024293961475845,6.287345954058241,6.8038851327643775,6.886625997760404,7.245180105625337,7.73362211939731,7.668810646127607,8.146661669742345,8.687062307190292,11.027862792601645,12.34953489750237,14.146824618749994,15.438098455030142,7.64340655142589,5.859464314578777
1994-07-01,-0.5671152931243302,-1.3326782150323895,-0.39563103638474084,1.453452212949215,2.0496703166628008,2.564389516257342,3.1003414764193558,3.5478577196442926,3.8800584703644594,4.273866014529817,4.49989159029023,4.772739685671731,5.466504322992645,5.952543732198702,6.442608189231926,6.811190540111391,8.407741787006579,9.309192995905462,10.535040787880755,11.436936133466853,4.869096280872223,11.436936453912724
1994-10-01,-1.54062241342007,0.7171830615467676,1.3843130016564296,3.1627375312509836,3.3818139268710015,3.7531306557936377,4.355844054237661,4.795254482341017,5.092624561635635,5.5482528145358225,5.702104965706372,6.018123727349973,6.608466046907551,6.817038345948598,7.30095081850902,7.756079138477966,9.72751348354569,10.840632643525169,12.354319387540787,13.452347167530391,6.266534095643273,12.38349147653532
1995-01-01,-1.7181586600281302,1.0910115313380464,1.7089172876427774,3.47445594960356,3.6247538823871226,3.9699186337159253,4.584807161569524,5.0227393508779254,5.313757441016213,5.780659793881995,5.921349844191235,6.245241540600238,6.81672297077302,6.974694233346131,7.457484782697444,7.928396291295289,9.968197201721194,11.119917757395294,12.686097026742738,13.819893026107588,6.521381604542081,-0.5157159186722937
1995-04-01,-0.07947578743395345,-2.3594743409212686,-1.287222903327892,0.5972540092347101,1.3823861868937461,1.968937126036307,2.47144761044093,2.9230241379685693,3.2726719222468046,3.635512851766629,3.8976908216464494,4.148914296193149,4.894484212448384,5.519509687216137,6.012655735133278,6.337886339829862,7.746654873200573,8.542079476968844,9.623745843492683,10.42739648046964,4.1691056274695235,13.067570380638225
1995-07-01,-1.6113293864334657,0.8660669093816522,1.5135924413639674,3.286884944612112,3.478569092121713,3.839470330071081,4.447032690701953,4.8858543838704485,5.180694670323103,5.640813034382267,5.7894231444024555,6.108577442572422,6.691408076926451,6.87982761173853,7.363293258393903,7.8247075144112355,9.823370062080716,10.95186291557803,12.486455742959464,13.59872885352478,6.368031656161268,0.8660654417840246
1995-10-01,-1.1200473427832103,-0.1683991116284429,0.6153406193061015,2.424291167073467,2.8063005266284295,3.2395700681961497,3.8134411541024438,4.256353460822047,4.5687711055527345,4.997691542556236,5.182724095505217,5.480092242649864,6.115115127651616,6.443558917125731,6.930129173332788,7.347867857104635,9.15734500411244,10.179019261819157,11.568353666686374,12.581648206688607,5.6628122579648705,2.738298960575691
1996-01-01,0.24596630157744112,-3.044740141371526,-1.882255742828358,0.025842282389153037,0.9370524134359466,1.5715426009434115,2.0517348285146366,2.5060211188691834,2.8673127486150882,3.2094871003817724,3.495792546661042,3.732584126957103,4.512727981544782,5.230510328944986,5.725712976795147,6.02201138326863,7.305457013436259,8.030121312795556,9.015563514238407,9.753647348626622,3.701944091389078,9.518150011042636
1996-04-01,-0.6793340368360261,-1.0963852774202998,-0.19045217362981437,1.6504860579676264,2.2032300382760472,2.701418855330535,3.245066583275036,3.6916484477258074,4.019834174715257,4.420767955684596,4.638473909669273,4.916298402071535,5.598141274950062,6.052196315603608,6.541551617095513,6.920110351015281,8.559875365368985,9.485726099509222,10.744753849715785,11.66925790039609,5.03018263835175,5.555414820331474
1996-07-01,-1.4834461975092719,0.59679019693036,1.2797729705601364,3.0623474422882135,3.303574200531542,3.68331327219245,4.282105624421045,4.7219921248877785,5.0214078861791975,5.473405272785046,5.631496328038924,5.944979581432246,6.541396121349543,6.76626467448899,7.250538466638311,7.7005837513508055,9.650000386927191,10.750687822248402,12.247469151063363,13.33397764148356,6.1844594969541635,4.75359679859625
1996-10-01,-1.5102733458197803,0.65327867178204,1.3288232771243347,3.1094505910819543,3.340284372914353,3.7160716713744253,4.31670378313726,4.756366909886523,5.054822834759073,5.508523828136063,5.664625984567135,5.979298901438343,6.572865409959453,6.790087741350235,7.274192001919957,7.7266222528027395,9.68636962378322,10.792890039056848,12.297603408732055,13.389516763478923,6.222968995991199,9.796360808269698
1997-01-01,-2.2265541945204186,2.1615125041762475,2.6384591283962378,4.367097621021289,4.320440486637683,4.590716031503764,5.240469447750314,5.674168529641916,5.946996965645226,6.446184005088737,6.549182860330649,6.8956196141831345,7.41309071056221,7.4261600645252255,7.905737857267949,8.421846348297759,10.657422809918044,11.9196829177752,13.636180592421812,14.87240301655647,7.251166862347322,7.065491049964483
1997-04-01,-2.552977841366843,2.8488451178575573,3.2352866317261,4.940232768642619,4.767117420274515,4.989309128394449,5.661448115016803,6.09242926123286,6.353578733054189,6.873494682204825,6.9522932907624995,7.3132054665449076,7.795998346991302,7.716031066612613,8.193546056562127,8.738674007502475,11.0999513556344,12.433185186304438,14.246197245356285,15.548184226491216,7.719737392781747,8.3938734934491
1997-07-01,-1.0777044409688208,-0.25755826923269565,0.5379215701110742,2.3499454341078545,2.748358653463109,3.1878655163703553,3.7588327991433923,4.202097670037066,4.516030282321204,4.942261814286949,5.130433565878966,5.425923995598964,6.065445256580893,6.405957537756302,6.892795375852659,7.306769724063741,9.099941249996096,10.112408964593879,11.489223752264152,12.493987469800452,5.602030399312835,11.734914776347802
1997-10-01,-1.7997574623670667,1.2628297149369594,1.8581111648178792,3.617727253861285,3.7364133873565724,4.069558226745011,4.690042659644051,5.127295424229088,5.415394027684911,5.887478156510353,6.022118672219948,6.349628908842699,6.91244154030958,7.047155670596865,7.529430564176872,8.007596305720458,10.078819700060706,11.248282140659557,12.838587904064743,13.988823610354679,6.638514031877402,14.129486430440291
1998-01-01,-0.873369709780223,-0.6878148582101591,0.1643193858420975,1.9911741947832713,2.4687477489082363,2.9383541402992837,3.495308499837641,3.9402747445778967,4.261518156890591,4.67477380235498,4.878094428572638,5.164523531156972,5.825752667775858,6.224504037487179,6.7126331492345646,7.1084418908869775,8.822927154032715,9.79096672528815,11.107365421833277,12.070961830548013,5.308714537229281,-0.15691843191014582
1998-04-01,-0.7901154873760345,-0.8631187702824308,0.012098766474597511,1.844996301396237,2.3548229731296066,2.8366931281210697,3.3879380567627475,3.833597509925243,4.157819637446994,4.565788382664952,4.775281272256144,5.0580184241855815,5.728092226102869,6.1505725527143795,6.639227781500714,7.027635121346663,8.7100604229573,9.659998174197542,10.951780915060215,11.898604099446047,5.189205808221085,10.374412276503344
1998-07-01,-2.1718700414584724,2.0463670414803428,2.538475543080116,4.271083099890559,4.245610890056008,4.523941684331359,5.169944955731984,5.604099360060946,5.8788843156703035,6.374598742506906,6.48165174641912,6.825663503810414,7.348944071673246,7.377599396817766,7.857522760798267,8.368769763995152,10.583288172424645,11.83365840049162,13.53398749354041,14.75919270389231,7.172669538841072,7.366172635573053
1998-10-01,-0.30642604867580814,-1.8815974538083382,-0.8722708644495245,0.9957336314562784,1.692944100693672,2.2460641305976554,2.764138472259307,3.2138253198646645,3.5553531532822875,3.9326061253080407,4.1779585607629945,4.439246259578739,5.16070569780532,5.7210462495507945,6.212758107153196,6.558164866584344,8.05432856665868,8.89909856892766,10.04786780917397,10.897242104764084,4.494885347534838,5.931050612409525
1999-01-01,-0.2046297430707835,-2.0959444273519594,-1.058393516743261,0.8169995195011753,1.5536464055588497,2.121761540711368,2.6328548674093883,3.0833893123420704,3.4285592697862604,3.799347862016642,4.052247225309041,4.309020715400093,5.041294671205363,5.630649008420757,6.123004157970813,6.4593611018077635,7.916324560166212,8.738961169688723,9.8576320764806,10.68649747509877,4.3487600610415695,8.910049385846166
1999-04-01,-2.2068684559287925,2.1200613094201417,2.602466055197187,4.332533370536535,4.293502593395467,4.566677946072078,5.215081348338638,5.648944341673955,5.9224771048242975,6.420414039069469,6.524872346574355,6.870436126379561,7.389998573370854,7.4086787183436185,7.888380913215127,8.40273931809956,10.630735094875135,11.88871496700897,13.59939211682508,14.831648456118124,7.222908624738048,4.566677680879129
1999-07-01,-0.8129853652506726,-0.8149629056996701,0.05391366636082062,1.8851512685942147,2.386118031010319,2.8646193385400487,3.4174326439387253,3.8629016732224013,4.186305549716311,4.5957266028110295,4.803523975880819,5.087275304126585,5.754919482544004,6.170881480946703,6.65939218574277,7.049832685595825,8.741064836682682,9.695975145483382,10.99451987251286,11.945950650134067,5.222034774229578,4.574305845042083
1999-10-01,-1.4348585626398307,0.4944818427714526,1.1909361565241892,2.9770371972967715,3.2370870573180515,3.623983330748851,4.2194436268281095,4.659734687649087,4.960888843976556,5.409800765709312,5.571493988762625,5.882822598881457,6.484400935469855,6.723117842006944,7.2076986790345785,7.653424463809297,9.58413072458411,10.674253835406551,12.156669153319928,13.233388695195039,6.114713527067247,5.801530591821885
2000-01-01,-2.570471735251308,2.885681063792349,3.2672721729436294,4.9709485747761795,4.791056001174437,5.010670771178148,5.6840094588530485,6.114844943813396,6.375368509509192,6.8963953749499325,6.973897029222702,7.3355849805888385,7.816519365073038,7.7315660090093745,8.208970447981601,8.755653627402374,11.123667613615092,12.460705111046007,14.278889627471642,15.584401102596626,7.7448493085880905,14.278895512626935
2000-04-01,-3.695007322417635,5.253554812437542,5.323354118532036,6.945409910474819,6.329866417312187,6.383831467661929,7.134288865239763,7.5557610108087765,7.776050325797678,8.368488674058431,8.36262002450198,8.774176075978843,9.135643356003893,8.730177049245052,9.200475093896035,9.847130857120149,12.648186755542117,14.22973005954628,16.38040844087932,17.912480048627994,9.359083576422309,5.484447292952805
2000-07-01,0.27192700601138053,-3.0994041922268325,-1.9297218579878463,-0.019739562896399554,0.9015278797091979,1.5398422088984196,2.018254096161196,2.472756545870082,2.834977011930856,3.175502778788501,3.4637328878716684,3.6993732275823437,4.482275065308873,5.207456682305528,5.702823386326672,5.996813854546147,7.270262403946682,7.989282112730749,8.967048456644973,9.699901989114172,3.6646783443619166,8.580946152301578
2000-10-01,0.6758764404699023,-3.949978662746396,-2.6682962069007976,-0.7289946091733068,0.3487649396727017,1.0465830420960347,1.4972927742585362,1.955158670793772,2.33183186116527,2.646705591370453,2.9648835184389193,3.1826105159066786,4.008426664068039,4.848741164939182,5.346660588500611,5.604739459835473,6.722633096141124,7.353822785658331,8.21215252816742,8.863622386799491,3.0848220667866366,6.614656283233372
2001-01-01,1.006524895893532,-4.64620722728705,-3.2728482791445233,-1.3095476822757148,-0.10369320668784021,0.6428310679278373,1.0708654996332654,1.5314845093137714,1.9199878213845607,2.2138643534899947,2.556555744164174,2.7596199684260876,3.620563162822499,4.555118444777038,5.055127369402521,5.283811190196937,6.274377029108031,6.833674403070091,7.594240602900646,8.179094732544216,2.610186961021564,4.406479180462881
2001-04-01,1.4435175022944242,-5.566358917333714,-4.071838207636312,-2.076819981322234,-0.701672303284822,0.10922316915445829,0.5072894020519882,0.9715469894101874,1.3756852625116875,1.6418114144952212,2.0169003626878506,2.200585928513032,3.107953835433058,4.167059902003015,4.6698303593109625,4.859665004976167,5.6819514972335945,6.146234332826233,6.777593985263902,7.274407234750681,1.9828982846177854,3.0035163625407537
2001-07-01,0.9469537439261795,-4.520771475382131,-3.1639293872607928,-1.2049525608541207,-0.022176258540668403,0.7155728872703069,1.1476926057728654,1.607815601881041,1.9941875446198978,2.291847028855824,2.6301219607752477,2.8358278979397338,3.6904424415437154,4.608018869372811,5.107651339841679,5.3416311086259,6.355136911247216,6.927386736627002,7.705566467572675,8.30242239444196,2.6956994125415505,4.95295214037379
2001-10-01,1.3431432781251826,-5.355006343734972,-3.888315665111123,-1.9005827621673348,-0.5643205792254846,0.23178926767746466,0.636738991647914,1.100160822505595,1.500707851589721,1.7732080768054732,2.1408555267822047,2.328992238410625,3.2256967051863956,4.256194305177461,4.758330457244403,4.95708849373154,5.81802760531629,6.304134632975191,6.96517214897893,7.482207788756698,2.1269822194530983,1.5007111366825152
2002-01-01,-1.0990800630284847,-0.2125487782804516,0.5770043978082786,2.3874767846182148,2.7776089771097983,3.2139671039147615,3.7864002899597153,4.22948717875453,4.542655002314524,4.970243952297894,5.156830967821092,5.453269310326569,6.090519692820858,6.4249395356799734,6.91164229259175,7.327516959647425,9.128919919388562,10.14603529811752,11.529170262111716,12.538240525233608,5.6327144096890045,5.037390793970152
2002-04-01,-0.9999652091287231,-0.4212495640345413,0.3957844666930257,2.21345076974426,2.6419805707565134,3.092938811554678,3.6585748719664375,4.102487031234127,4.4192010403716075,4.840495891024333,5.034431038147735,5.326474082262355,5.974254113386204,6.3369234795540335,6.824252583237707,7.2313158190227895,8.994551124177514,9.990116133516013,11.343945594670673,12.333047192771394,5.490438259923446,6.32807969366279
2002-07-01,0.41384134681561524,-3.3982255421081615,-2.1891956507941113,-0.2689129835483836,0.7073328108104321,1.3665518326011004,1.8352314792798992,2.2909155653483735,2.658213520491738,2.989727288417636,3.288478577840134,3.5178256542382567,4.315804022730552,5.081433789733507,5.577697307761343,5.859071418178662,7.077870867796914,7.766034389583745,8.701840613962146,9.406102670767307,3.4609649228946986,1.67652322852324
2002-10-01,0.9603184501349993,-4.548912814216914,-3.1883651912119073,-1.2284183328345173,-0.04046447401153275,0.6992533599067947,1.130456549921666,1.5906908259942347,1.9775409385183491,2.274351722634228,2.6136174810156447,2.8187307535150214,3.6747651212410104,4.596150731697182,5.09586765913957,5.328659289258624,6.337018542496505,6.906362503172235,7.680590662579011,8.274754002707866,2.6765148113710557,6.90636297063372
2003-01-01,-1.0360351173037858,-0.3452991097683564,0.4617340798703711,2.276782370706149,2.69133850219271,3.136983465007205,3.705093137474042,4.148704964056923,4.46412844424623,4.887713845466992,5.078974858274001,5.372617440733505,6.016565518883201,6.368954309822971,6.856055473196396,7.2663253677648605,9.043450657538658,10.04685828394683,11.411352612725825,12.407721213554721,5.542215440190848,-0.07521341775773363
2003-04-01,0.7772323534321224,-4.1633983253272575,-2.8536136526966924,-0.9069554790401495,0.21006987623195106,0.922818211863618,1.3665771304299248,1.8252869574047257,2.2055865151933935,2.5140238318961394,2.839716037174192,3.052948355352032,3.889532235170442,4.758735001655112,5.257294934145311,5.5063631413284835,6.585226124568298,7.194378175141377,8.022739796039529,8.653789483584992,2.9393289496114674,8.07915059921205
2003-07-01,-1.3492682405325107,0.3142589319370326,1.0344442517678412,2.8267575764119055,3.1199655711841947,3.519469727392539,4.109060386888997,4.5500641074458255,4.854280561238177,5.297757233178502,5.465795912294179,5.77332897623371,6.384000157965101,6.647111852006153,7.132233568829783,7.570350269688189,9.468096971712749,10.539610328445995,11.996718971034099,13.056194634681397,5.991851402900278,7.132249143651323
2003-10-01,-1.5640192457485258,0.766448505614755,1.4270913761992199,3.203817725899841,3.4138300673138122,3.7817003257465593,4.386018238574634,4.825233855162663,5.121766829764115,5.578880853776337,5.730998421317764,6.048054727339812,6.635911441422832,6.837815220719288,7.32157983925153,7.778788166120554,9.759232282979212,10.877438575304716,12.398043111248183,13.500784649962549,6.300119487634766,3.2445121914934862
2004-01-01,-1.2212205736620914,0.0446358871726118,0.8003240522547175,2.6019312834538084,2.9447456085693577,3.36311182691384,3.9439211983943165,4.385991095759473,4.694788909172715,5.1301341588021625,5.307665977142104,5.609520702447169,6.233795263358676,6.53340285491213,7.019333756632247,7.446066863896,9.294504315819168,10.338176492224038,11.757425004696204,12.791102910834182,5.808043140949845,7.446068611976345
2004-04-01,-1.7541971541590684,1.1668958387510147,1.7748094639104333,3.53773239373784,3.6740688269593527,4.013924927750395,4.631284913338137,5.068917031527802,5.358645716666807,5.827836625211805,5.965854870164655,6.291344711846845,6.858997526374177,7.006697167289119,7.489259974848211,7.9633753494826385,10.017054147446927,11.176610489890011,12.753445338603541,13.89450201171055,6.573113690970661,5.827837463182159
2004-07-01,-0.06674342568096164,-2.3862841862451805,-1.310502539316108,0.5748985086348948,1.3649632692812332,1.9533897490282768,2.4550270700367265,2.906709612372351,3.2568129420692524,3.618845327294918,3.881967243173358,4.132626094690079,4.87954865679211,5.508203084597316,6.0014295934480995,6.325528275672072,7.72939376609476,8.52204999470841,9.599951756343827,10.401037204988562,4.150828736202852,6.700029070204982
2004-10-01,-0.42504731250854405,-1.6318230759530052,-0.6553857416372276,1.2040090312767755,1.8552650076035215,2.3909115317126313,2.9171207149375347,3.365819873789445,3.7031036106016053,4.087889399232678,4.324447545810336,4.590995564644032,5.299853054938409,5.826384404271689,6.317346646223594,6.673298980534467,8.215141963243376,9.085703579509424,10.269545824934106,11.142818741050453,4.6651623144515675,8.34200180672859
2005-01-01,-1.463098520737713,0.5539451947595522,1.2425696207309922,3.026620959715996,3.275730513486315,3.658466899764284,4.255863843434846,4.695919766911054,4.99606353853658,5.446768784825321,5.6063683668115,5.918949292173727,6.5175275049221115,6.748195513406744,7.232597890739417,7.680834242195851,9.62241529038956,10.718678565926322,12.209443653220008,13.291852698144163,6.15525106861244,6.328540209390898
2005-04-01,-1.1276460190465294,-0.15239899010831737,0.6292339111269063,2.4376329346934855,2.8166985276488496,3.2488487461759075,3.82324093618694,4.26608997324608,4.578235748371832,5.007638724785936,5.192107930557645,5.489813044849381,6.124028670515581,6.450306700027692,6.936828937132052,7.355243152481733,9.167646436587269,10.190972861188351,11.582553983071735,12.597379428028537,5.673719910647821,-1.8640564613035533
2005-07-01,-0.06062516128469203,-2.399167084586978,-1.3216890709893343,0.5641560504771619,1.356591058486741,1.9459187891978067,2.4471365301925423,2.8988700156789946,3.249192247993492,3.610836104534242,3.8744116134936353,4.124799147477235,4.872371694639837,5.5027699382897,5.996035110922988,6.319589871987802,7.7210993098819625,8.512425254965141,9.5885180161573,10.388370818357702,4.142046166615157,8.116950810450787
2005-10-01,-1.234785155104995,0.07319809247457787,0.8251253047206324,2.625747996681566,2.963307332585124,3.3796754202000114,3.961415027266794,4.403371980425293,4.71168447280758,5.147891115251738,5.324417288871212,5.626873542409864,6.249707045086597,6.545448485961649,7.031293667615957,7.45923268269671,9.31289365298016,10.35951515261177,11.78277433416482,12.819185095897375,5.827514656519344,3.638799577087854
2006-01-01,-0.38627327732198924,-1.7134674641743168,-0.7262795351414196,1.1359295198957386,1.8022067585790404,2.3435648921132377,2.8671150189192574,3.316137026114223,3.654808041613174,4.037131559259507,4.276564317482256,4.541392882089296,5.254369603259778,5.791952252854099,6.2831595235864235,6.635664798927958,8.162576477965485,9.024707523553662,10.197085366282366,11.06254647932687,4.609503447791718,12.289490074544863
2006-04-01,-1.610664554427946,0.8646670085949677,1.5123768737118646,3.2857176315411745,3.477659338418272,3.8386585094491616,4.446175277048427,4.885002505877845,5.179866579054454,5.639942724227988,5.788602123258617,6.107726939116608,6.690628203120385,6.879237227060454,7.362707075057646,7.824062226699674,9.822468757462037,10.950817057698787,12.485213312765792,13.597352479657768,6.367077311436288,3.4776727060827706
2006-07-01,0.02913441166282601,-2.5881689613595937,-1.485803963828044,0.4065560524724009,1.2337643846348558,1.8363141496369688,2.3313763340213587,2.783857194117134,3.137390893638654,3.493334740082236,3.7635648031114313,4.00997190337579,4.767080223705475,5.423061566642611,5.916893966250973,6.232468991920076,7.5994133546384255,8.371223032711766,9.420776387181402,10.202545332380463,4.013199218442392,6.177984488102872
2006-10-01,-0.045105986783884555,-2.4318449707477034,-1.3500640685133805,0.5369074597135577,1.3353546764244546,1.926968459204177,2.4271219219938303,2.8789846264214902,3.229862112268873,3.590520453299138,3.8552465157030613,4.104945844034058,4.854167099216545,5.488988587864942,5.98235183242659,6.304526919970132,7.7000601548179555,8.488011792923235,9.559515966285153,10.356242121118196,4.119768896270313,5.540470237589743
2007-01-01,-0.5483985181953643,-1.3720891154248585,-0.4298524727272408,1.4205892703727692,2.024058349779854,2.541534623988301,3.0762030200261217,3.523875106710324,3.856745516464416,4.249364487616577,4.476777679056154,4.748795769574706,5.444548817872645,5.935922845945765,6.426105581835243,6.7930239886195025,8.38236768415026,9.279749337400853,10.500063100123755,11.398187577932443,4.842228959092029,10.032699099929438
2007-04-01,-0.9168948374556782,-0.5961663515685482,0.24389999690878628,2.067595681757362,2.5283073756511203,2.9915022979169343,3.551441535597877,3.996045372472052,4.315731518906343,4.731751144401873,4.931844924657589,5.220204171071092,5.876809335773089,6.263155258062512,6.7510093169581475,7.150687495490766,8.88193363728973,9.859436800956063,11.188704665970876,12.161070080140977,5.371193442661365,9.49636344059546
2007-07-01,-0.6355866161361633,-1.1885018544573775,-0.27043922152191846,1.5736742685550025,2.143366226565345,2.6479992576200115,3.188646862949935,3.6355929861686667,3.965343932358207,4.363499617002822,4.5844488972077775,4.8603333880841255,5.546823848587459,6.013347694189321,6.50297945329233,6.877648988211186,8.500567522177526,9.416906331123228,10.662999187001653,11.578689446861269,4.967384638511632,6.054462456903273
2007-10-01,0.017289068181660983,-2.563226862423077,-1.4641461371226323,0.4273541250087847,1.2499735096635065,1.8507783962916018,2.346652913889853,2.799035144851534,3.1521450351803795,3.5088410975183764,3.7781929759029453,4.025125363922807,4.780975272421714,5.43358047854782,5.927338022649066,6.243966113785695,7.615471941921769,8.389857132317754,9.442912825068328,10.227068251069502,4.030202823823833,7.615465152562581
2008-01-01,0.24008551251062565,-3.032357281983571,-1.8715034070516294,0.03616778099350182,0.9450996638514964,1.5787235816993972,2.059319103636065,2.513556428155693,2.874637651806523,3.2171854518412797,3.5030549108767026,3.7401072777421356,4.519626375897235,5.2357325922103195,5.730898076980445,6.027719292766966,7.313429527249349,8.03937247629344,9.026553463336182,9.76582210002511,3.710385772863543,2.091877564559345
2008-04-01,2.169919605168627,-7.095904527082465,-5.399979589733982,-3.352237925105957,-1.6956783044856165,-0.7777801670614282,-0.42952933679210403,0.0407765690910149,0.4709044548420378,0.690901829860374,1.1198444441440967,1.2713173408459713,2.2558559099431674,3.5219996941633673,4.029360579589124,4.1546171932798055,4.697177050603324,5.003519547013535,5.420102321406715,5.77056737289648,0.9401716870175076,-0.42953034899686804
2008-07-01,1.610800447998216,-5.91859756611332,-4.377695530776357,-2.370535637974956,-0.9305816790564283,-0.0950445915584821,0.2915496656108747,0.7572001186221331,1.167323532659363,1.4228267009511937,1.8103175954832138,1.9865849143641658,2.9117244324067784,4.01850915951927,4.52233674528892,4.697299733267965,5.455168053691359,5.8830788508780625,6.464977593598943,6.928088355768416,1.7427690557511744,3.858692693172024
2008-10-01,2.092558948335739,-6.933010377192435,-5.258534666489028,-3.216407963329749,-1.589818262444903,-0.6833157369185172,-0.329759646308585,0.1399021233695712,0.567262157131394,0.792172172780595,1.215379458153262,1.3702829523600988,2.3466029699269058,3.5906975698685484,4.09756958207528,4.229703652412574,4.80205394691478,5.125216835682359,5.564673002501436,5.930723901937624,1.0512203942945146,-5.258535191531813
2009-01-01,4.40167628355461,-11.795193826970259,-9.480485947864087,-7.270759777548311,-4.749606043348171,-3.5029589785182456,-3.30775816980322,-2.8188697526531525,-2.308892853016108,-2.2306189196707997,-1.6362193518914725,-1.583714835319725,-0.3620814945968558,1.5401532469808012,2.061617503759745,1.9884682296289204,1.671611817139821,1.4927073609844577,1.249421819961034,1.1502549568992606,-2.2634424527506427,-19.53625690208445
2009-04-01,2.4431942652058876,-7.671324194594028,-5.899630379892849,-3.832053998894607,-2.0696263574694136,-1.111473495036678,-0.7819633693495374,-0.30938206781137456,0.1305231885353506,0.3331667786551842,0.7823693044047086,0.9217236979129204,1.9352941026668042,3.2793261001533125,3.7884139184697587,3.889376081932549,4.326701936267273,4.573626801140529,4.9094098668059445,5.204818285204401,0.5478947988538554,0.9217240106072465
2009-07-01,-1.6352514767149093,0.9164383607048485,1.5573311887097525,3.3288873879930487,3.511303993641044,3.868681387975429,4.477884284274304,4.916506792416722,5.210491181209222,5.67212867188265,5.8189652569403965,6.1391803923187425,6.719469619454405,6.9010709265194885,7.384385399829644,7.847926358819035,9.855800947296954,10.989495139058645,12.531161062520912,13.64825375550643,6.402371038863985,6.078623464759348
2009-10-01,-2.0414772162375754,1.7718059236501285,2.3000674954997615,4.042139174247509,4.067181821265793,4.3647201312384984,5.001781287710619,5.437021395587491,5.716471617178815,6.2039056969064585,6.32062570431761,6.658855125839729,7.195988215089315,7.261807850228099,7.742555219107382,8.242210141274978,10.406516214037701,11.628535358096444,13.290310922996659,14.48924589689507,6.985494878338169,-0.3156666644568623
2010-01-01,-1.0456629736944207,-0.32502625343256275,0.47933749049198116,2.2936869759546767,2.704513225934731,3.1487399573209114,3.717509891563765,4.161041552709442,4.476120562174823,4.9003173620112275,5.0908645892149424,5.384934123841918,6.027859368976577,6.377504046972437,6.864544368034812,7.2756701907667285,9.05650302469427,10.062004019084062,11.429345036948424,12.427653361558086,5.55603591496187,6.377503726831329
2010-04-01,-1.1206022361381485,-0.16723070271061857,0.6163551769793634,2.4252654496904555,2.807059840681421,3.2402476436810312,3.814156783216001,4.257064469668475,4.569462261120519,4.998417935565801,5.183409350085619,5.480802104257104,6.115766039143667,6.444051673990626,6.930618423602577,7.348406438069745,9.158097266247124,10.179892173445829,11.569390644829303,12.582796979170036,5.6636087893319145,13.376413876119992
2010-07-01,-0.5372157069499122,-1.395636156075555,-0.450298936640967,1.4009544729679135,2.008755831457987,2.5278793897265324,3.061780887867853,3.509546087174044,3.8428166016792815,4.234725429780171,4.462967687353214,4.734489870443783,5.431430945243021,5.9259922764751085,6.416245681063058,6.782169922302757,8.367207283715794,9.26215747786938,10.47916479464787,11.375036271993267,4.8261763971907925,1.0185476251867445
2010-10-01,-0.08635948084185688,-2.344979720119299,-1.2746368741292777,0.6093404088434213,1.391805807969743,1.977342744624329,2.480325300843347,2.931844511947762,3.2812460076696155,3.6445240729805586,3.9061917027542647,4.157720438171242,4.902559052608364,5.525622550440014,6.0187250975197415,6.344567670947197,7.755987012162889,8.552908325353352,9.636610008368862,10.44164750273765,4.17898694551327,10.702013334325953
2011-01-01,-0.8841825303671214,-0.6650468868727255,0.18408936506136797,2.010159362013483,2.4835439733557667,2.951557582162314,3.509253466276318,3.9541296790868707,4.27498622437703,4.688928517343187,4.8914475076252035,5.178356110214392,5.838436526969457,6.234106047541279,6.72216682871052,7.118936843287161,8.837585962656537,9.807976546586985,11.127572293139705,12.093347160316904,5.324235989571484,4.670752970483704
2011-04-01,-0.11216042211621391,-2.2906520739059557,-1.2274628672425167,0.6546417417245072,1.4271117223687568,2.0088480512545166,2.5135999915002096,2.9649043735031495,3.3133827490040395,3.678299253769973,3.9380540651876648,4.190726956411807,4.932824560442905,5.548534324063799,6.041473824580441,6.369610133122368,7.7909650326909965,8.593496199432234,9.684826502458051,10.4950621112695,4.216023357720015,1.9008299187590019
2011-07-01,0.49725181192222595,-3.573858445986211,-2.341701941689704,-0.41536520811571903,0.5931942330848679,1.2647000338079253,1.7276595347351482,2.1840381301659724,2.5543203906554526,2.8805373364407725,3.1854724726866497,3.4111206697681116,4.217960302289398,5.0073635581843705,5.504154180611863,5.778112999056112,6.964792320400747,7.634820050594773,8.545964122673569,9.233421476939812,3.341231912567862,3.014400527654116
2011-10-01,1.827196971583382,-6.374252018798602,-4.773351293305594,-2.7504849911787623,-1.2266978965502189,-0.3592845181860107,0.012469638841722475,0.47992189707511557,0.8977876645615286,1.1395489852829743,1.5430829860757251,1.7097540915287404,2.657882891887344,3.826344536196589,4.331539618952455,4.487264692333008,5.161801933297292,5.542662012709769,6.0605783281064385,6.480091692699281,1.432138882906583,2.6578824023227345
2012-01-01,0.9942029775913753,-4.620261630532616,-3.250319091055492,-1.2879128389262464,-0.08683193840380454,0.6578772559817359,1.0867567035798011,1.547273115970962,1.9353355676938737,2.229994579666718,2.5717724536106727,2.7753830995798765,3.6350172523436877,4.566060565056594,5.065991622506287,5.295770876850462,6.29108170304746,6.853058210162248,7.617267658179978,8.204604284132758,2.6278746740613226,0.9211199772307409
2012-04-01,-0.23247412566571946,-2.0373140172998228,-1.0074833161298977,0.8658887298361165,1.5917485576445665,2.1557620758954696,2.6687649222994656,3.119067523609452,3.463241249468899,3.8357980459891268,4.086633095209682,4.3446413585481185,5.073957215203809,5.6553754005289125,6.147554590185294,6.486386933559789,7.95407284910039,8.782763614047242,9.909667329556433,10.744142534645405,4.388729766815571,-1.3625964818511926
2012-07-01,1.254494376843683,-5.168343148202277,-3.7262315056578554,-1.744932883203924,-0.443013744450355,0.34003767565623466,0.7510667882909137,1.213750492442032,1.6111257925388713,1.8892554967707826,2.25033073514451,2.4423986271946645,3.329685315048674,4.334916377235261,4.836492321109736,5.0431313529282615,5.938207836566239,6.4435896398365395,7.130838167873392,7.665733897683429,2.254234834566011,1.1129576757039197
2012-10-01,-0.20328036541782954,-2.0987857388746027,-1.0608606961386327,0.8146302801161177,1.5517999220759202,2.12011382730959,2.631114616016857,3.081660296415162,3.426878532632747,3.7975814352147252,4.05058083804895,4.307294489304617,5.039711798724357,5.6294507329396914,6.121814409751845,6.458051392271402,7.914495225385621,8.736838442084307,9.855110375472258,10.683703915037231,4.34682307329969,2.2628432127313958
2013-01-01,-0.6677564014815819,-1.1207636778373602,-0.21162052730091774,1.6301580277771628,2.187387244076393,2.687281504758105,3.2301352584500775,3.6768135229885033,4.0054134809625115,4.405612046330276,4.62417633773721,4.901487414036425,5.584560258280966,6.0419151340948005,6.5313435993381015,6.908873067368977,8.544179706718841,9.467513135846364,10.723117701611795,11.64528920663387,5.013563319280909,-0.6288169268009975
2013-04-01,-0.339356844406983,-1.8122568587896115,-0.8120607516443406,1.053553573899218,1.738006482054611,2.286275640947391,2.8066083197500356,3.2560209721939617,3.5963705895492866,3.975714768808002,4.218625796025833,4.481373827655398,5.199334802286486,5.750289482540657,6.241793237151523,6.590127584445178,8.098972443672453,8.950902531280875,10.109408490997954,10.96541735247767,4.542156433966404,4.298465941189439
2013-07-01,0.17920744325112903,-2.904169625040666,-1.760194969581773,0.14305758983250055,1.0284049928779693,1.6530612664636535,2.137831701329937,2.591562130353797,2.9504652250693653,3.2968789705189705,3.5782350791645765,3.8179871148417632,4.591038719444415,5.2897935866017525,5.784574358277324,6.086807708593235,7.395961181177287,8.135140742380912,9.140321679596148,9.891855418077064,3.797774261658188,3.871917927921821
2013-10-01,-0.5997425251924854,-1.2639768175961228,-0.3359759542731111,1.5107391578397469,2.094317302609004,2.60423034763907,3.1424198270699404,3.589664402727625,3.9206977984526423,4.31657727262083,4.540183945607802,4.814478912118753,5.504777335487719,5.981517394328589,6.471375666711604,6.8428586182740805,8.45197412647512,9.360519417396949,10.596014173519377,11.504482926037959,4.915931611536779,1.8803369194726134
2014-01-01,-0.6102790089526543,-1.2417907137649418,-0.3167112246580539,1.5292391324391217,2.1087353887457625,2.617096356988815,3.156008410292644,3.603165254913122,3.9338216705460782,4.330370243974093,4.5531957679584,4.82795798017768,5.5171370408333855,5.990874011520831,6.480665699609659,6.853085357415787,8.466258308642674,9.377094528806428,10.615704629830285,11.526296167243657,4.931056391350108,-0.31671410621101315
2014-04-01,0.28034525472573163,-3.117130043118317,-1.9451136422875903,-0.034520337102634246,0.8900083787213062,1.5295627580747237,2.0073973363684456,2.4619698798304257,2.8244915386085774,3.164482720673798,3.4533369380208874,3.6886039662290764,4.472400132076475,5.199981101984603,5.695401004317603,5.988643079969801,7.258849887123741,7.976039230808361,8.951316532950381,9.682474041241289,3.6525942220762904,3.1644813023646163
2014-07-01,-0.17477927761419995,-2.1587989375570062,-1.1129716055055279,0.7645880257527657,1.5127991369660445,2.085311395065008,2.594357628356394,3.0451406203713107,3.3913785841326014,3.760271579615802,4.015383983031573,4.270833739114801,5.006278913968676,5.60414117291843,6.096684959609568,6.4303881606984135,7.875856649231828,8.692002924240834,9.801847879464603,10.624699306190818,4.305910688553287,4.015380341082855
2014-10-01,-0.15901022580747176,-2.1920029768424745,-1.1418034744911614,0.7369007000261781,1.49122082370523,2.066055942050507,2.5740207609823957,3.0249350525183156,3.371737210059725,3.739628822051789,3.995910304201243,4.2506607736961906,4.9877812027447,5.590137926237791,6.082781363932853,6.415082677103488,7.854478738560299,8.667196376205668,9.772378861836673,10.592053298426288,4.283274727461281,1.6578712740484434
2015-01-01,0.2227977585581808,-2.9959553937514856,-1.8398947686171936,0.0665216463133061,0.968756163616598,1.5998335087918765,2.081614595060298,2.5357079747288975,2.896170667641688,3.23981629344422,3.5244040809025146,3.762223081971995,4.539905583819364,5.251084478050848,5.746140714525128,6.044498832700961,7.33686632384539,8.066568119005355,9.058860613583134,9.801612213259567,3.7352017815007112,-0.33696813284533716
2015-04-01,-0.5655091195828875,-1.3360602477647943,-0.39856773706165183,1.4506320909431236,2.047472434618067,2.5624282316132527,3.098270043165645,3.545799660042925,3.8780578773205603,4.271763424505503,4.497908078023595,4.7706849468259875,5.464620218944454,5.95111741661623,6.4411920237084335,6.809631583803146,8.405564317180696,9.306666298574706,10.532039189751304,11.433610939628455,4.8667906709828825,8.4067855860215
2015-07-01,-0.8892797423921188,-0.6543139632702955,0.19340902175968755,2.0191090548271857,2.4905189797911733,2.957781743757776,3.5158271858759518,3.960660957231841,4.281335131675884,4.695601113347944,4.897742208861618,5.1848768498994335,5.844415754968794,6.238632478061287,6.726661047890129,7.1238842108261,8.844496190657548,9.815995052486597,11.137097902723527,12.103899704971145,5.331552871682705,2.517897495919058
2015-10-01,2.297260618303861,-7.3640396093065945,-5.632807755448194,-3.5758234743350217,-1.8699312846939249,-0.9332751787651934,-0.593757175418197,-0.1223909766123561,0.3122929857148322,0.5242038131169173,0.9625871770542433,1.1084130720394083,2.1064799476586735,3.408918220315059,3.917083825007091,4.0310196674811465,4.52454239653583,4.8031973591037875,5.182128941216563,5.506938604692283,0.7573778035250336,4.679451559895123
2016-01-01,1.1199463766618467,-4.885032703251319,-3.480226206095929,-1.5086932948917082,-0.25889874932420254,0.5043330770189869,0.9245892593102067,1.3861526622414213,1.778714030228679,2.065387948012483,2.4164881284309176,2.6145226196881928,3.4875153535082553,4.4543978057970595,4.955123486544837,5.1737239995092335,6.120612914828,6.65524925453336,7.382279880270429,7.944282989440742,2.447374113607751,7.277643251359573
2016-04-01,0.5561361749170355,-3.697848063506853,-2.449365120172285,-0.5187544643894724,0.5126170844751218,1.1927968465502357,1.6517181594828405,2.1085870500024595,2.4809761075115158,2.803453714387191,3.1127543925418286,3.3357913327255155,4.148886653750745,4.955073016511042,5.452235752998393,5.720959679829261,6.884963509671888,7.542188115773703,8.435921721115657,9.11151564549865,3.2567053242850212,3.1404812197965417
2016-07-01,0.5407390163803736,-3.6654270997607785,-2.421213214583982,-0.4917201094457861,0.533686500334911,1.2115981839035075,1.6715754073969427,2.1283160949297586,2.500154264459984,2.8236096384555847,3.131768809129305,3.3554885441058735,4.166948119701376,4.968746014216445,5.465811449843569,5.735904202827834,6.905837249185615,7.566409632547579,8.464695748996226,9.143391738195936,3.2788074446810382,6.872772462593045
2016-10-01,-0.434838580367054,-1.6112061329298495,-0.6374835522373961,1.221200554635153,1.8686633430051038,2.4028675643588993,2.929748215836279,3.3783658486208274,3.7152992680839825,4.10070683246359,4.3365390785134625,4.603521296078931,5.311338593040709,5.8350792542106324,6.325979621188458,6.682802411141373,8.228415865327388,9.101106379844804,10.287843630576365,11.163089192974336,4.6792173610709265,3.7153021489917
2017-01-01,0.3730934979365153,-3.31242500117756,-2.1146929695468257,-0.19736784701125593,0.7630920193281183,1.4163086790589658,1.8877827428933784,2.3431275458454484,2.7089676021136873,3.0430689842897616,3.338799328372506,3.569953388765079,4.363602834656719,5.117618728850516,5.613624744772433,5.898621388601199,7.133112228157126,7.830135483481973,8.777989712312252,9.490461236342403,3.519457134925908,6.449060108854579
2017-04-01,-0.5706567121270073,-1.3252212406288288,-0.3891559654698964,1.459670241950782,2.0545163815729914,2.5687139124256397,3.1049087369912614,3.552395492925242,3.884469536814929,4.278501972024336,4.504264995686256,4.777270137086909,5.470658545252646,5.955688586087306,6.445730663464273,6.814627850807847,8.412542845435302,9.314764058876102,10.541658949853769,11.44426778496219,4.874179872691034,7.435402853798576
2017-07-01,-0.702697650512148,-1.0471897800714067,-0.14773453551199855,1.6915079272549696,2.2352007224355672,2.7299479622738945,3.275197926524596,3.7215852560520144,4.04893506686345,4.4513525094578075,4.66732634256258,4.946186906245329,5.625547702693868,6.072943691518645,6.562151348904443,6.942787136545625,8.591549130681818,9.522479774494581,10.78841549479834,11.71762661164306,5.063720346048019,3.963313987924255
2017-10-01,-0.12485803899107482,-2.2639153889922303,-1.204246758204841,0.6769362372131762,1.4444870952161368,2.0243530015918414,2.5299757224899264,2.981174378984828,3.329198452188349,3.694921294841373,3.953734736160292,4.206970709635196,4.947719359005469,5.559810072506648,6.052669331656558,6.381934473809099,7.808179036590473,8.613471023968227,9.708555658789336,10.521349455884021,4.23425037384396,5.009906677624865
2018-01-01,0.1445564011262997,-2.8312068002559605,-1.6968395872161393,0.20389794357314295,1.0758213531605973,1.6953733548324335,2.1825200983686743,2.635962008761927,2.9936253394966874,3.342239533138091,3.6210266987080706,3.8623153523965885,4.6316857398671285,5.320564434244485,5.815126231997141,6.1204401021758565,7.442937175187522,8.189650851896273,9.205077137547468,9.963592019879181,3.8475147058490338,3.5936015941477355
2018-04-01,-0.12253409198946646,-2.2688087984682412,-1.2084958237987113,0.67285584744761,1.4413070145735685,2.0215152499726496,2.5269785985959112,2.9781966052161017,3.3263038258694313,3.6918790907105357,3.9508648237468695,4.203997740615073,4.94499327876536,5.55774635913091,6.050620304240041,6.379678844672703,7.805028490063348,8.609815185707744,9.704212694101532,10.51653828570152,4.230914423493043,2.1104702124800756
2018-07-01,0.38124442233138106,-3.32958796171172,-2.1295959825589525,-0.2116792527609122,0.7519383239687952,1.4063556556537715,1.877270743159625,2.3326834140140833,2.6988150985236503,3.032398871827196,3.3287335054060168,3.5595261089284325,4.354041483250647,5.110380538097168,5.606438063000652,5.890710079719845,7.12206211964461,7.817313133729404,8.762757361146168,9.473586718816286,3.5077567480080756,2.202475780154774
2018-10-01,0.39238796371774287,-3.3530523139446253,-2.1499706461230916,-0.23124510008600413,0.7366895423795832,1.3927483734778905,1.8628992561464104,2.318404712646083,2.6849350968882493,3.0178112208978574,3.3149720092393347,3.5452704467755556,4.3409696756934295,5.10048484107989,5.596612786519755,5.879894128832706,7.106954956877825,7.799783050242412,8.741932442718786,9.450516711622303,3.4917605567125896,2.699466909688323
2019-01-01,1.330326157035446,-5.328018025261148,-3.864881056577805,-1.8780784409920288,-0.546781677244192,0.2474401435797997,0.6532688435954634,1.116583953904544,1.5166724050039886,1.7899865569935551,2.156683777122817,2.3453888704769277,3.2407316868420155,4.26757617585396,4.769631331358796,4.969528825526849,5.8354036196182815,6.324297451506197,6.989124633374448,7.5087425379440855,2.1453807799914704,4.944112574461425
2019-04-01,-0.2930892813875431,-1.909679963169602,-0.8966555853484105,0.9723169146761139,1.6746941167402944,2.229778719208814,2.746938448385735,3.1967363433247007,3.538741346913566,3.9151473930270138,4.161488583621077,4.422184856737293,5.145061150943318,5.709202922218953,6.200999060237557,6.545220164807616,8.03624807436086,8.87811828663643,10.022944216104806,10.869631553807515,4.475740851776284,5.717283210277452
2019-07-01,0.3753921922594123,-3.3172652374541753,-2.118895863567854,-0.20140389808420317,0.7599464943594475,1.4135017632677225,1.8848181866124376,2.3401821294257514,2.706104429639617,3.04005983762686,3.335960601255502,3.5670127248842003,4.36090637679113,5.115577440379819,5.6115979826790845,5.896390269781877,7.129995916377677,7.826519370614947,8.773693939531938,9.485702345723402,3.5161574339741164,2.854487677755011
2019-10-01,0.6678151567469663,-3.933004453725568,-2.6535570913848896,-0.7148405946550633,0.35979597106189387,1.0564266060506746,1.5076891671391515,1.96548794215659,2.341872711499861,2.6572583581180567,2.9748386414294874,3.192923120606411,4.017882863478697,4.855899752907465,5.353768233962918,5.612563763242403,6.733561679891051,7.366504120233742,8.227217359905342,8.88031132499543,3.096393777434841,2.168544601774137
2020-01-01,0.33164502151671693,-3.2251491867383826,-2.0389092726932287,-0.12459254754676313,0.819809964029669,1.4669210557577068,1.9412375845753678,2.3962372707019663,2.7605943606588457,3.097327849097761,3.3899853050373343,3.6229774191074693,4.412223509944251,5.154425839826931,5.650169926094672,5.938851389976881,7.189303420705261,7.895338745789316,8.855448135129071,9.576270281782366,3.578955075008849,1.2264257485986945
2020-04-01,0.7858979170843754,-4.181644933903771,-2.8694576234674543,-0.9221704891996088,0.19821195038062855,0.9122367669045157,1.3554014160701293,1.8141833960425047,2.194792995117976,2.5026800217659284,2.829014670629391,3.0418627099985756,3.8793671918947292,4.751039800514515,5.249654494199496,5.49795232221609,6.573478325908821,7.18074623812791,8.006545693112221,8.635849529950317,2.926889814774647,-19.072295150482702
2020-07-01,2.6493480032966277,-8.10541096799726,-6.276558405774202,-4.19401905337154,-2.3517263844673533,-1.3632060447310308,-1.0478335866327715,-0.5735357654588009,-0.12625462765739703,0.06329756340494175,0.5277838204799141,0.6579962220701869,1.6934677480017393,3.0962572838413056,3.606647870847681,3.689282715821972,4.047221834893959,4.249323052934498,4.524152197776809,4.7780268321174395,0.2519678115125714,22.97793461329604
2020-10-01,-1.393784853195699,0.40799515487808424,1.1158376773028886,2.9049199142719497,3.18088194238584,3.573828578768437,4.166472110736884,4.607105167921495,4.909728881942022,5.356032496272328,5.520770823166578,5.830277998839177,6.436219876424133,6.686643531916235,7.17148393029424,7.613558212256261,9.52844759904131,10.609640125032819,12.07991109059753,13.148355514134714,6.055753552791238,5.830277130335032
2021-01-01,-0.16159346853055562,-2.1865635823936227,-1.137080316963182,0.7414363616234305,1.4947557236719888,2.0692103174364873,2.5773522906962993,3.0282450731055874,3.3749548059727195,3.74301046185583,3.999100428740542,4.253965453442275,4.990811446953337,5.592431899618732,6.085059012760238,6.41758997935631,7.857980809125722,8.671260116719814,9.777206395303923,10.597401277685224,4.286982888388622,0.7414361990386596
2021-04-01,0.3127072533922475,-3.185272952929849,-2.0042837761106096,-0.09134158477339877,0.8457243371992793,1.4900458009097681,1.9656610491835915,2.4205030517719477,2.7841825758792047,3.1221186710817506,3.4133721274499433,3.6472040464381994,4.4344382486797524,5.171242972643664,5.666867383509939,5.957232438051686,7.214977121333874,7.925130052230332,8.890838812357714,9.615476350277271,3.6061396253349525,8.226230260882332
2021-07-01,-0.46424870272476243,-1.549278829365591,-0.5837105793876837,1.2728388932846106,1.9089080476995703,2.4387800108490527,2.9676775577632672,3.4160503099408177,3.7519314779236597,4.139206675903707,4.3728585277850005,4.641144952120571,5.345837810691992,5.861196055863034,6.351910568405575,6.711347954068601,8.268286808508229,9.14737191450906,10.342804919613991,11.223975738000199,4.721434635359809,6.693300633454256
2021-10-01,-0.059006037494326896,-2.4025763859579317,-1.3246494496834682,0.5613131904038391,1.354375455368383,1.9439416911165681,2.44504839539596,2.89679536236378,3.2471755245768508,3.6087165617563834,3.8724121085730756,4.122727841692219,4.870472399445863,5.501332122616262,5.99460752714638,6.318018346133532,7.718904283562003,8.509878185390328,9.585492216755734,10.385018814161137,4.139721967064603,5.681908681539034
2022-01-01,1.0606242423255179,-4.760121294300221,-3.3717626138586696,-1.4045353990145744,-0.17772255599954967,0.5767708230821795,1.0010952149711358,1.4621646777518131,1.8526035858964525,2.143044642422108,2.4897468256407564,2.6904119869876464,3.557102524860886,4.507077097546178,5.007427897780273,5.231302220763681,6.20103520681041,6.748569854465364,7.493140383736962,8.06709512056241,2.532529108415935,1.73359479508328
2022-04-01,1.6678645722197334,-6.038754405323758,-4.48203061531408,-2.470728916175075,-1.0086680195350965,-0.1647251009656654,0.2179557970428725,0.6840813890966415,1.0962464746527636,1.3481258948187098,1.739847383231787,1.9135841646251879,2.8447859947609375,3.9678350278160828,4.472023224821999,4.64191314263234,5.377806918405084,5.793310362833537,6.358336832745534,6.809950888453045,1.6608553610370405,4.532942322689058
2022-07-01,1.695424464028772,-6.096785778518949,-4.532420657761489,-2.5191186171449704,-1.04638087546191,-0.19837824690734163,0.18241264128235812,0.6487677081731542,1.0619188466467246,1.3120481285663557,1.7058128396038135,1.8783274636378042,2.8124571695217373,3.9433612694554805,4.447723628542954,4.615163438393232,5.340444310149893,5.749955455488177,6.306833232687737,6.752894798269894,1.62129403253515,1.8443015611451268
2022-10-01,0.41029719625535765,-3.3907628160115806,-2.182715585545349,-0.2626901584737617,0.7121826135741024,1.3708795642507763,1.8398022626586872,2.2954568386921497,2.6626279892738696,2.9943668217061585,3.292855356519201,3.5223596000687802,4.319961449213859,5.0845810693021765,5.580822190411941,5.862511380132165,7.082675629364842,7.771609749611377,8.70846388063768,9.413439977291942,3.466052435775592,-1.3135516849874063
2023-01-01,3.57885478806447,-10.062623118468611,-7.976052970707358,-5.826048514011642,-3.623660095232087,-2.4982187544439034,-2.246590267550637,-1.7645529958944808,-1.2840154547929852,-1.153489815268065,-0.6200922103070838,-0.5310992578168641,0.6031201293817263,2.2708358851445256,2.7871004007417044,2.787100960063784,2.7871008550854066,2.787101038068748,2.7871009050721147,2.8537078505686084,-1.0823089524069767,2.7871013353328573
2023-04-01,1.4535392443475212,-5.587461157399783,-4.090161792175455,-2.09441617163049,-0.7153860187378043,0.09698570645904603,0.49436466558157477,0.9587056980287569,1.3632025345113417,1.6286922749231838,2.004524210433778,2.18776535703231,3.0961979421344976,4.158160386175476,4.660994174916976,4.849937875503436,5.668365144102788,6.130468969842891,6.758865472170979,7.253659641750833,1.9685123997866354,4.158160274473999
2023-07-01,1.502491377366453,-5.6905370155927635,-4.179665048494706,-2.180366403040607,-0.7823719398961637,0.03721067947210477,0.43123258579123624,0.8959812135520901,1.3022294862853352,1.56461061506587,1.944071741372605,2.1251420808416155,3.038775185745588,4.1146898717394045,4.617833008770161,4.80242480508926,5.602001336076425,6.053461585122406,6.667384304594106,7.152316090203588,1.8982432046588418,-2.0148070623530803
2023-10-01,1.9347484836997775,-6.6007174193371805,-4.969996668344797,-2.9393241036917375,-1.3738709953875043,-0.4906147410540842,-0.12623628112049667,0.3421114946238495,0.7638252990703913,0.998756766608516,1.4102643721006345,1.572166051281605,2.531720784157939,3.7308365517279856,4.236711295904679,4.382874908820183,5.015995663726217,5.373471005902893,5.859587333510534,6.257432299942346,1.277752184613509,
